gender,race/ethnicity,parental level of education,Mjob,Fjob,lunch,test preparation course,StudentAbsenceDays,raisedhands,AnnouncementsView,VisITedResources,math score,reading score,writing score
male,group A,high school,at_home,teacher,standard,completed,Under-7,15,2,16,67,67,63
female,group D,some high school,at_home,other,free/reduced,none,Under-7,20,3,20,40,59,55
male,group E,some college,at_home,other,free/reduced,none,Above-7,10,0,7,59,60,50
male,group B,high school,health,services,standard,none,Above-7,30,5,25,77,78,68
male,group E,associate's degree,other,other,standard,completed,Above-7,40,12,50,78,73,68
female,group D,high school,services,other,standard,none,Above-7,42,13,30,63,77,76
female,group A,bachelor's degree,other,other,standard,none,Above-7,35,0,12,62,59,63
male,group E,some college,other,teacher,standard,completed,Under-7,50,15,10,93,88,84
male,group D,high school,services,other,standard,none,Under-7,12,16,21,63,56,65
male,group C,some college,other,other,free/reduced,none,Under-7,70,25,80,47,42,45
male,group E,some college,teacher,health,standard,completed,Under-7,50,30,88,99,83,85
female,group D,high school,services,other,standard,completed,Under-7,19,19,6,80,87,90
male,group D,associate's degree,health,services,standard,completed,Above-7,5,0,1,77,87,85
male,group C,high school,teacher,other,standard,completed,Above-7,20,12,14,74,74,73
male,group E,some high school,other,other,standard,completed,Above-7,62,44,70,81,87,85
male,group E,associate's degree,health,other,free/reduced,none,Under-7,30,22,40,69,61,57
male,group B,high school,services,services,standard,none,Above-7,36,20,30,58,47,42
female,group C,associate's degree,other,other,standard,completed,Above-7,55,35,13,54,62,65
female,group C,associate's degree,services,services,free/reduced,none,Under-7,69,36,15,23,44,44
male,group C,some college,health,other,free/reduced,none,Under-7,70,40,50,39,32,31
female,group C,associate's degree,teacher,other,standard,none,Above-7,60,33,60,83,76,88
male,group C,associate's degree,health,health,standard,none,Under-7,10,4,12,58,52,55
male,group B,some college,teacher,other,standard,completed,Under-7,15,2,21,71,69,73
female,group B,some college,other,other,free/reduced,none,Above-7,2,2,0,44,55,54
male,group E,some high school,services,health,free/reduced,none,Above-7,0,3,2,46,38,32
male,group C,high school,services,services,free/reduced,none,Above-7,8,30,7,51,45,42
female,group C,some high school,other,other,standard,none,Under-7,19,25,19,53,60,56
male,group E,high school,health,services,standard,none,Above-7,25,12,15,71,68,60
female,group B,high school,services,other,standard,completed,Under-7,75,52,85,74,89,89
female,group A,some high school,teacher,teacher,free/reduced,none,Under-7,30,33,90,33,54,51
male,group B,some college,health,services,standard,none,Under-7,35,50,80,87,79,77
male,group A,bachelor's degree,services,services,free/reduced,none,Above-7,4,40,5,78,74,73
male,group A,some high school,teacher,at_home,free/reduced,completed,Above-7,2,10,19,40,41,39
female,group B,associate's degree,other,other,standard,completed,Above-7,8,9,22,65,65,71
female,group B,bachelor's degree,other,other,standard,completed,Above-7,12,8,11,79,88,89
female,group A,bachelor's degree,other,other,standard,none,Above-7,10,17,12,68,74,74
female,group C,some college,teacher,services,standard,completed,Above-7,8,4,6,57,77,75
male,group B,high school,other,teacher,free/reduced,none,Under-7,45,26,54,67,65,54
female,group B,some college,services,health,free/reduced,completed,Above-7,0,0,0,58,68,73
male,group E,associate's degree,at_home,other,standard,none,Under-7,50,37,90,98,81,77
female,group B,master's degree,other,other,free/reduced,none,Above-7,14,3,13,54,75,72
male,group D,high school,teacher,other,standard,none,Under-7,19,16,20,77,67,64
male,group E,high school,services,teacher,standard,completed,Above-7,10,7,12,87,79,82
female,group C,master's degree,services,services,standard,none,Under-7,30,28,35,58,70,70
male,group E,high school,other,at_home,standard,none,Under-7,33,30,33,100,88,87
male,group C,bachelor's degree,other,other,standard,none,Above-7,20,15,12,60,46,51
male,group C,associate's degree,other,services,free/reduced,none,Above-7,7,1,10,64,63,57
female,group E,some high school,health,services,standard,completed,Under-7,70,39,4,65,76,78
female,group D,high school,teacher,other,standard,none,Under-7,13,40,80,68,72,73
male,group C,associate's degree,services,teacher,free/reduced,completed,Under-7,29,50,39,60,63,57
male,group D,high school,services,services,standard,none,Above-7,20,12,14,65,68,64
female,group C,some high school,health,other,free/reduced,none,Above-7,39,16,15,52,58,60
female,group C,associate's degree,health,health,standard,none,Under-7,55,16,90,74,81,85
female,group C,high school,services,services,free/reduced,none,Under-7,49,19,70,36,53,49
male,group D,high school,other,other,free/reduced,none,Above-7,12,8,50,57,57,47
female,group C,some college,other,other,standard,completed,Above-7,16,6,14,56,60,62
female,group C,bachelor's degree,services,services,standard,completed,Above-7,19,4,5,67,80,84
male,group D,associate's degree,teacher,health,standard,completed,Above-7,5,6,2,88,87,83
female,group D,some college,other,at_home,free/reduced,none,Under-7,28,19,60,42,61,51
male,group E,some high school,services,other,standard,none,Under-7,27,22,22,68,51,48
male,group D,some college,health,teacher,free/reduced,none,Above-7,21,28,10,76,66,68
female,group E,some high school,services,services,standard,none,Under-7,50,32,70,58,63,59
male,group E,some high school,other,services,standard,completed,Under-7,80,70,90,69,67,62
male,group A,bachelor's degree,teacher,health,standard,completed,Under-7,17,16,13,77,82,78
male,group D,master's degree,services,services,standard,completed,Above-7,0,7,5,83,93,97
female,group C,some high school,teacher,services,free/reduced,completed,Above-7,13,18,5,49,74,70
male,group C,high school,other,services,standard,none,Above-7,25,19,10,71,60,56
female,group D,some high school,services,other,free/reduced,none,Under-7,65,23,75,47,46,49
male,group B,high school,health,services,standard,none,Under-7,70,35,69,79,64,60
female,group C,high school,other,other,standard,none,Under-7,39,11,40,60,64,57
female,group C,associate's degree,other,other,standard,completed,Above-7,22,10,30,56,68,73
male,group C,associate's degree,other,other,standard,none,Under-7,29,9,22,57,52,47
female,group B,some college,other,other,standard,none,Under-7,11,2,2,49,70,63
female,group C,some high school,other,other,standard,completed,Above-7,19,26,30,79,76,81
male,group B,master's degree,other,services,free/reduced,none,Under-7,12,6,0,71,76,67
female,group C,high school,teacher,other,standard,none,Under-7,50,29,90,71,77,70
female,group C,some college,teacher,other,standard,none,Under-7,15,37,70,47,63,59
female,group D,high school,other,other,free/reduced,none,Under-7,20,33,80,72,91,81
male,group C,associate's degree,other,other,standard,none,Above-7,13,11,3,78,73,76
male,group D,some high school,at_home,other,standard,none,Under-7,80,49,90,54,43,45
female,group B,bachelor's degree,other,services,standard,none,Under-7,8,10,15,46,59,62
female,group D,some high school,other,other,free/reduced,none,Above-7,8,1,25,31,38,42
female,group C,associate's degree,services,other,free/reduced,none,Above-7,7,2,5,51,59,59
male,group B,high school,services,services,standard,completed,Above-7,7,10,4,78,76,73
female,group B,associate's degree,other,other,free/reduced,none,Above-7,50,50,70,32,41,39
female,group C,some high school,services,services,standard,none,Above-7,1,1,0,53,71,69
female,group C,some college,at_home,other,free/reduced,none,Under-7,70,40,12,63,76,69
male,group D,some college,other,other,standard,none,Under-7,19,3,70,97,93,88
female,group D,some college,services,other,standard,none,Under-7,3,4,12,56,52,61
male,group B,high school,teacher,health,standard,none,Above-7,5,1,20,72,76,72
male,group C,some college,other,other,free/reduced,none,Above-7,4,10,8,57,47,42
male,group B,some high school,services,other,standard,none,Under-7,80,55,90,74,71,70
female,group D,master's degree,other,other,standard,none,Under-7,50,19,70,81,81,87
male,group D,bachelor's degree,teacher,services,standard,completed,Under-7,55,40,89,94,87,93
male,group B,master's degree,services,health,free/reduced,none,Above-7,80,35,44,81,73,72
female,group C,high school,at_home,other,standard,completed,Under-7,100,2,80,58,63,67
female,group E,associate's degree,services,other,standard,completed,Under-7,14,11,60,95,100,100
male,group B,high school,other,other,free/reduced,none,Under-7,6,38,2,45,52,49
male,group A,some college,other,other,standard,none,Under-7,10,0,3,63,50,49
male,group B,associate's degree,other,at_home,standard,none,Above-7,50,9,7,60,54,53
male,group C,some college,services,services,free/reduced,completed,Under-7,50,40,90,54,61,62
male,group C,some college,services,teacher,standard,completed,Under-7,70,50,92,75,78,79
male,group E,high school,services,other,standard,none,Above-7,2,2,6,79,78,77
male,group D,high school,services,other,standard,none,Above-7,1,6,7,66,67,67
female,group B,some college,services,other,standard,none,Above-7,0,3,12,47,58,58
female,group D,bachelor's degree,other,health,standard,none,Above-7,0,5,0,70,78,82
male,group D,high school,other,other,standard,none,Under-7,12,7,26,82,74,73
male,group A,bachelor's degree,services,other,standard,none,Under-7,70,41,90,56,38,44
male,group B,associate's degree,other,other,standard,none,Above-7,7,5,12,92,78,71
male,group C,some college,health,health,free/reduced,none,Under-7,90,30,70,30,33,33
female,group C,some college,teacher,teacher,standard,completed,Under-7,70,55,88,79,88,86
female,group D,some high school,services,other,standard,none,Under-7,77,51,80,41,52,47
female,group C,master's degree,at_home,other,standard,none,Above-7,2,3,5,63,82,71
male,group A,bachelor's degree,teacher,other,free/reduced,none,Above-7,25,0,27,43,34,33
male,group D,high school,health,services,standard,none,Above-7,11,0,2,77,76,74
male,group B,associate's degree,teacher,teacher,standard,completed,Above-7,0,11,8,76,79,76
female,group E,some college,other,teacher,free/reduced,none,Above-7,77,12,80,49,61,63
male,group C,associate's degree,other,services,standard,completed,Under-7,25,40,29,59,57,55
male,group B,bachelor's degree,other,other,free/reduced,none,Above-7,24,23,35,59,70,58
female,group D,some high school,other,other,standard,completed,Under-7,60,3,60,76,90,87
female,group C,high school,at_home,services,standard,completed,Under-7,21,0,12,55,71,71
female,group D,bachelor's degree,services,services,standard,completed,Above-7,0,8,4,78,87,89
female,group C,bachelor's degree,other,health,standard,completed,Above-7,66,55,90,51,53,62
female,group C,some high school,health,other,standard,completed,Under-7,70,7,98,41,43,45
female,group D,associate's degree,other,other,standard,none,Under-7,0,4,6,74,78,86
male,group C,master's degree,services,services,standard,none,Above-7,12,0,30,62,54,58
male,group D,associate's degree,other,other,standard,none,Under-7,2,7,9,77,71,64
male,group C,some high school,at_home,other,standard,none,Above-7,55,6,33,45,52,45
male,group E,some college,services,other,standard,completed,Under-7,12,20,10,100,84,87
female,group D,associate's degree,teacher,teacher,free/reduced,completed,Under-7,70,2,90,83,95,100
female,group E,associate's degree,services,teacher,free/reduced,completed,Above-7,7,5,9,77,75,82
male,group C,high school,at_home,other,standard,completed,Under-7,80,20,42,66,70,64
male,group B,some college,other,other,standard,none,Above-7,0,10,3,65,63,57
male,group D,associate's degree,services,other,standard,none,Above-7,12,0,60,62,55,56
male,group E,some college,at_home,teacher,standard,none,Under-7,80,15,80,55,54,54
male,group C,some high school,services,at_home,free/reduced,none,Under-7,70,95,80,73,78,69
male,group A,some college,at_home,other,standard,completed,Under-7,70,95,80,73,81,76
female,group B,associate's degree,other,other,standard,completed,Under-7,60,50,80,48,66,68
male,group D,some college,services,other,free/reduced,none,Under-7,100,95,80,52,44,49
female,group C,some high school,teacher,teacher,free/reduced,none,Under-7,100,85,85,60,72,64
male,group B,associate's degree,teacher,services,free/reduced,none,Above-7,10,5,60,68,63,57
female,group D,some college,services,services,free/reduced,none,Above-7,19,50,65,65,77,83
female,group D,bachelor's degree,teacher,services,standard,none,Under-7,10,55,75,86,83,87
female,group B,associate's degree,at_home,at_home,standard,none,Under-7,80,55,90,55,62,60
male,group B,master's degree,other,other,standard,completed,Above-7,10,15,10,80,71,68
female,group B,high school,other,services,free/reduced,none,Under-7,70,55,75,51,57,57
female,group B,some high school,health,services,standard,completed,Under-7,100,50,75,63,61,66
male,group E,some college,at_home,other,standard,none,Under-7,10,30,79,60,55,46
female,group E,bachelor's degree,teacher,teacher,standard,completed,Under-7,60,30,55,100,100,100
male,group A,associate's degree,services,other,free/reduced,none,Under-7,100,50,75,46,44,44
female,group C,some college,other,other,standard,completed,Under-7,80,51,80,67,78,80
female,group C,high school,at_home,other,free/reduced,none,Under-7,23,71,63,54,67,59
female,group B,associate's degree,services,services,standard,none,Under-7,100,98,91,63,79,76
male,group D,bachelor's degree,services,at_home,standard,none,Above-7,10,40,51,68,66,73
female,group C,associate's degree,other,teacher,free/reduced,none,Above-7,70,33,50,54,63,58
female,group C,some college,at_home,services,standard,none,Under-7,70,73,58,43,44,47
male,group B,high school,other,other,free/reduced,none,Under-7,70,30,50,64,64,59
female,group E,associate's degree,at_home,other,free/reduced,none,Under-7,70,33,50,92,87,87
female,group D,associate's degree,at_home,other,free/reduced,none,Above-7,22,48,51,82,95,93
male,group E,some high school,other,services,free/reduced,none,Under-7,62,48,68,84,78,79
female,group D,associate's degree,at_home,other,standard,completed,Under-7,82,58,89,84,98,97
male,group D,associate's degree,other,other,free/reduced,none,Under-7,72,58,80,65,63,65
female,group C,bachelor's degree,other,other,standard,none,Under-7,70,3,82,83,92,91
female,group B,some high school,at_home,services,standard,completed,Above-7,60,93,82,70,75,75
male,group A,bachelor's degree,other,services,standard,completed,Above-7,55,83,72,66,72,70
female,group D,bachelor's degree,services,services,standard,completed,Under-7,72,73,65,71,87,92
male,group B,bachelor's degree,other,other,standard,none,Under-7,51,53,82,66,64,58
female,group B,some high school,health,services,standard,completed,Under-7,80,83,92,57,64,68
female,group C,master's degree,other,other,standard,none,Under-7,60,23,52,86,90,93
female,group A,high school,health,health,standard,none,Under-7,30,29,12,80,85,83
female,group B,high school,other,other,standard,none,Under-7,40,83,62,62,60,59
female,group D,some college,other,other,standard,none,Under-7,60,23,52,71,71,76
female,group C,some college,teacher,other,free/reduced,completed,Above-7,20,53,22,57,66,71
male,group A,some high school,at_home,services,free/reduced,completed,Above-7,20,23,52,69,64,62
male,group B,some college,other,other,standard,completed,Above-7,50,73,62,83,74,72
female,group D,some college,teacher,other,free/reduced,none,Above-7,10,13,2,50,56,60
female,group C,bachelor's degree,services,other,standard,none,Under-7,60,23,52,55,56,56
male,group B,some high school,other,other,free/reduced,none,Under-7,15,83,52,55,53,51
female,group D,some college,teacher,services,free/reduced,completed,Under-7,80,33,42,83,93,95
male,group D,high school,other,other,standard,completed,Under-7,40,20,51,89,87,86
female,group D,some high school,teacher,other,standard,none,Under-7,60,63,70,51,62,64
female,group C,some college,services,other,standard,none,Above-7,50,13,62,48,52,49
female,group E,bachelor's degree,services,services,standard,none,Under-7,85,62,75,84,95,89
female,group C,associate's degree,other,other,standard,none,Under-7,25,32,15,69,83,76
female,group C,associate's degree,other,other,standard,completed,Above-7,10,30,35,75,85,87
female,group C,master's degree,services,services,standard,none,Under-7,87,82,65,91,100,99
male,group B,high school,services,services,standard,none,Under-7,85,22,15,76,77,67
male,group E,some high school,other,other,free/reduced,none,Under-7,80,52,71,63,61,59
male,group D,high school,health,other,standard,none,Under-7,75,72,71,73,65,64
male,group B,some high school,at_home,other,free/reduced,completed,Under-7,85,12,66,52,63,53
male,group B,some high school,services,services,standard,completed,Under-7,23,32,25,58,57,53
female,group B,some high school,at_home,services,standard,none,Above-7,15,37,25,33,51,51
male,group E,some high school,at_home,services,free/reduced,none,Under-7,95,62,91,68,62,61
female,group C,associate's degree,services,services,standard,completed,Under-7,81,62,75,77,91,89
female,group C,bachelor's degree,other,other,standard,none,Under-7,53,72,75,64,64,66
female,group D,some high school,services,services,free/reduced,none,Under-7,15,42,43,39,49,48
male,group D,bachelor's degree,services,teacher,standard,none,Under-7,92,62,65,50,46,48
male,group A,master's degree,teacher,other,free/reduced,none,Under-7,83,62,75,53,57,51
female,group B,associate's degree,services,teacher,standard,completed,Above-7,27,42,15,54,62,70
male,group D,high school,teacher,teacher,standard,none,Under-7,45,12,95,74,63,65
female,group D,associate's degree,health,other,standard,completed,Under-7,15,52,90,50,63,65
male,group E,associate's degree,other,other,standard,none,Under-7,45,52,58,55,54,47
male,group C,some college,other,other,standard,none,Under-7,25,12,5,77,64,70
female,group B,some high school,other,other,standard,completed,Under-7,22,42,51,49,64,67
female,group D,associate's degree,services,services,free/reduced,none,Above-7,29,12,10,66,83,82
male,group B,some high school,at_home,services,standard,completed,Above-7,72,42,51,77,74,75
female,group A,master's degree,services,other,standard,completed,Under-7,67,42,31,74,78,84
male,group C,some college,teacher,other,standard,none,Under-7,17,42,21,85,78,81
female,group A,some college,at_home,other,standard,none,Under-7,27,49,41,77,86,84
female,group B,associate's degree,teacher,other,standard,none,Under-7,70,39,81,64,62,66
female,group D,high school,other,other,free/reduced,completed,Under-7,27,82,90,61,69,68
male,group D,associate's degree,services,other,standard,none,Under-7,17,42,61,97,88,85
male,group C,some college,other,other,standard,completed,Under-7,87,42,81,66,75,70
male,group C,some high school,services,other,standard,none,Above-7,7,22,61,62,66,64
female,group E,some high school,services,other,standard,completed,Above-7,17,2,50,64,80,77
female,group B,bachelor's degree,other,other,free/reduced,none,Above-7,5,42,21,55,57,60
female,group B,associate's degree,other,other,standard,none,Above-7,27,32,41,53,72,66
female,group D,some college,services,health,free/reduced,none,Under-7,87,40,88,71,81,77
male,group B,high school,at_home,other,free/reduced,completed,Under-7,96,42,61,66,59,68
male,group C,associate's degree,at_home,at_home,standard,none,Under-7,57,46,51,68,61,62
male,group D,some college,at_home,services,standard,none,Under-7,77,41,69,89,90,83
male,group C,associate's degree,at_home,other,standard,completed,Under-7,80,40,51,65,69,74
female,group B,some high school,services,teacher,standard,none,Under-7,62,82,61,43,48,44
female,group D,master's degree,other,other,standard,none,Under-7,72,12,83,79,77,83
male,group D,bachelor's degree,teacher,services,standard,none,Under-7,87,22,81,99,94,97
male,group D,some high school,other,other,standard,none,Under-7,72,12,90,82,69,72
male,group D,some college,other,other,free/reduced,completed,Under-7,2,62,11,35,36,39
female,group D,bachelor's degree,services,services,free/reduced,none,Under-7,5,2,3,61,71,73
female,group D,high school,at_home,other,standard,none,Above-7,73,77,84,76,80,81
male,group C,associate's degree,other,other,free/reduced,completed,Above-7,5,21,17,94,83,82
female,group C,high school,health,other,standard,none,Above-7,51,12,42,75,90,78
male,group B,some college,other,other,standard,none,Above-7,9,21,7,81,75,70
male,group C,some college,teacher,teacher,free/reduced,none,Above-7,19,15,72,35,44,33
male,group C,some college,health,other,standard,none,Above-7,32,58,80,76,74,72
female,group B,bachelor's degree,other,other,standard,none,Above-7,32,58,60,58,79,82
male,group C,associate's degree,at_home,other,standard,completed,Above-7,12,18,8,100,91,90
female,group C,bachelor's degree,other,other,standard,none,Above-7,52,13,10,53,68,64
female,group D,high school,other,other,standard,none,Above-7,72,58,80,82,95,96
male,group B,associate's degree,at_home,services,standard,none,Above-7,72,58,80,76,62,64
male,group C,bachelor's degree,other,services,standard,completed,Under-7,92,88,80,83,75,75
female,group D,some college,health,other,standard,none,Under-7,72,98,80,72,84,82
male,group D,associate's degree,teacher,other,standard,completed,Under-7,72,58,80,76,76,83
male,group D,some high school,teacher,other,standard,none,Above-7,22,18,20,66,64,58
male,group C,some college,services,services,standard,none,Above-7,12,38,20,63,65,63
male,group B,some high school,other,other,standard,none,Under-7,70,83,92,36,34,28
male,group C,high school,other,other,standard,none,Under-7,50,52,40,68,74,71
female,group C,some high school,other,other,free/reduced,completed,Under-7,80,62,94,40,52,42
male,group D,some high school,services,services,standard,none,Above-7,87,82,48,68,71,61
male,group C,associate's degree,other,services,standard,completed,Above-7,70,2,40,56,54,52
female,group D,associate's degree,other,other,free/reduced,none,Above-7,65,62,86,74,83,80
female,group D,some college,services,other,free/reduced,none,Under-7,15,32,6,53,70,71
male,group B,some high school,at_home,other,standard,none,Above-7,19,32,74,88,65,70
male,group D,some high school,services,services,standard,none,Under-7,69,82,76,67,63,61
female,group B,associate's degree,other,other,standard,none,Above-7,39,12,26,60,76,65
female,group C,high school,other,other,free/reduced,none,Under-7,59,42,97,51,61,54
female,group D,some high school,health,other,standard,none,Under-7,10,12,17,53,66,59
male,group A,bachelor's degree,teacher,services,standard,none,Under-7,80,72,87,80,78,74
female,group E,some high school,services,at_home,standard,none,Under-7,70,66,99,69,71,67
female,group B,some high school,other,other,free/reduced,none,Under-7,80,86,97,64,79,70
female,group D,associate's degree,services,services,free/reduced,completed,Above-7,69,12,34,80,87,89
female,group A,some high school,services,other,standard,none,Above-7,10,12,17,58,72,62
female,group C,high school,teacher,other,standard,none,Above-7,61,82,97,39,46,50
male,group D,some high school,other,other,standard,none,Above-7,21,52,27,64,56,50
male,group D,associate's degree,other,other,standard,none,Above-7,49,42,94,61,66,63
male,group D,some high school,at_home,services,standard,completed,Under-7,70,42,64,90,82,88
male,group D,some high school,other,other,standard,none,Under-7,79,82,84,73,71,64
male,group C,associate's degree,services,other,standard,none,Above-7,19,12,80,73,73,70
female,group D,associate's degree,teacher,other,standard,none,Above-7,11,32,70,67,76,77
female,group B,some college,health,other,standard,none,Above-7,10,10,8,57,58,62
female,group E,some college,other,other,standard,none,Above-7,18,40,28,65,73,72
female,group C,some high school,other,services,standard,none,Under-7,90,52,84,71,72,71
female,group D,some high school,other,services,standard,none,Under-7,92,32,81,59,69,72
male,group B,high school,other,other,standard,completed,Under-7,42,2,21,74,71,65
female,group E,high school,at_home,at_home,standard,none,Under-7,22,6,20,93,100,93
female,group B,some high school,at_home,health,standard,completed,Under-7,95,82,82,85,93,92
female,group E,some high school,services,other,standard,none,Under-7,90,80,62,76,83,79
female,group D,high school,other,services,free/reduced,none,Under-7,72,22,21,58,72,70
female,group E,associate's degree,teacher,services,standard,none,Under-7,92,42,31,72,77,77
female,group B,high school,health,health,standard,none,Under-7,82,52,31,40,49,47
male,group D,high school,teacher,services,standard,completed,Under-7,72,46,41,75,73,66
male,group D,some high school,services,other,standard,none,Under-7,74,56,71,85,81,80
male,group E,associate's degree,teacher,services,standard,completed,Under-7,74,56,60,100,100,100
female,group B,some college,at_home,other,free/reduced,completed,Under-7,95,72,94,53,65,66
male,group D,some college,other,other,free/reduced,none,Under-7,97,82,87,40,42,39
male,group B,bachelor's degree,other,other,free/reduced,none,Above-7,40,32,38,49,49,49
male,group C,associate's degree,other,other,standard,none,Above-7,41,35,39,77,80,80
female,group D,high school,at_home,at_home,standard,none,Under-7,51,85,79,82,89,84
male,group C,some college,services,teacher,standard,none,Under-7,81,91,79,55,48,42
female,group C,some high school,services,services,free/reduced,none,Under-7,71,65,70,62,71,77
male,group B,high school,teacher,teacher,standard,completed,Under-7,75,76,71,69,63,59
male,group C,associate's degree,teacher,other,standard,none,Above-7,49,32,36,78,74,76
female,group B,high school,health,services,free/reduced,completed,Above-7,42,12,24,71,77,82
male,group D,some college,services,at_home,free/reduced,completed,Under-7,90,82,86,59,71,66
female,group D,high school,services,other,free/reduced,none,Under-7,62,72,64,60,75,70
female,group C,bachelor's degree,services,other,free/reduced,completed,Above-7,90,82,86,43,60,60
female,group C,some high school,health,other,standard,none,Above-7,62,72,64,77,83,86
male,group D,some high school,health,other,free/reduced,none,Under-7,98,86,87,50,47,46
female,group E,bachelor's degree,other,other,free/reduced,none,Under-7,72,82,74,56,58,52
male,group B,high school,other,other,standard,none,Above-7,18,26,17,69,58,50
male,group D,high school,teacher,teacher,standard,none,Above-7,32,32,14,47,43,39
male,group B,some college,health,other,free/reduced,none,Above-7,10,20,12,43,28,24
male,group A,some high school,other,teacher,free/reduced,none,Above-7,22,15,34,48,39,40
male,group C,high school,other,other,free/reduced,none,Under-7,11,21,20,55,62,49
male,group C,some college,health,health,standard,none,Under-7,12,25,44,73,68,66
male,group D,bachelor's degree,other,other,standard,none,Under-7,15,24,50,71,63,66
female,group B,some college,services,at_home,standard,none,Under-7,32,29,44,54,57,60
male,group C,high school,services,other,standard,none,Under-7,65,74,59,66,61,63
male,group A,master's degree,teacher,services,standard,none,Under-7,72,59,64,63,63,67
female,group D,bachelor's degree,other,services,standard,none,Above-7,95,74,57,66,81,73
male,group C,bachelor's degree,at_home,other,standard,completed,Above-7,82,79,84,79,80,75
male,group D,associate's degree,services,services,free/reduced,completed,Above-7,25,34,29,73,69,70
female,group C,some high school,at_home,other,standard,none,Above-7,42,29,34,36,57,53
male,group C,associate's degree,other,services,free/reduced,none,Under-7,55,44,79,50,48,43
male,group E,some college,services,other,standard,completed,Under-7,62,69,64,87,78,80
male,group C,associate's degree,at_home,health,standard,none,Under-7,78,74,88,71,68,63
female,group C,associate's degree,other,other,standard,completed,Under-7,72,89,84,85,87,94
female,group C,high school,services,other,standard,completed,Under-7,60,83,92,58,67,64
male,group C,some college,other,other,standard,none,Under-7,50,83,90,86,83,81
female,group D,some high school,at_home,services,free/reduced,none,Under-7,60,13,97,64,86,89
male,group D,some college,teacher,other,standard,none,Under-7,50,23,95,83,85,79
male,group E,high school,services,services,free/reduced,completed,Above-7,60,23,87,58,56,49
female,group C,some college,other,other,free/reduced,completed,Above-7,50,20,80,59,83,81
female,group C,high school,services,services,standard,none,Above-7,10,10,15,40,58,54
male,group D,associate's degree,services,services,standard,completed,Above-7,30,20,10,82,83,85
male,group E,some high school,at_home,at_home,standard,none,Under-7,24,18,35,87,84,80
female,group C,some high school,other,other,standard,none,Under-7,27,33,20,62,65,64
male,group B,associate's degree,other,services,free/reduced,completed,Above-7,10,10,15,76,80,78
female,group A,high school,services,other,standard,none,Above-7,30,20,10,63,69,60
male,group D,some college,teacher,services,free/reduced,completed,Under-7,80,63,77,58,60,59
male,group D,associate's degree,teacher,teacher,standard,completed,Under-7,75,73,85,61,63,65
male,group C,some college,other,other,standard,none,Above-7,40,50,7,78,69,71
female,group C,bachelor's degree,at_home,other,free/reduced,completed,Above-7,35,29,2,78,90,81
male,group C,some college,services,services,standard,none,Under-7,10,30,90,56,54,43
male,group D,some high school,other,other,standard,none,Under-7,25,29,80,96,83,82
male,group C,high school,at_home,other,standard,none,Above-7,10,9,8,48,43,40
male,group C,associate's degree,services,other,standard,completed,Above-7,15,12,7,70,76,72
male,group D,some college,services,at_home,free/reduced,none,Under-7,70,20,90,43,68,58
female,group E,high school,other,other,free/reduced,none,Under-7,75,15,80,45,46,49
female,group C,associate's degree,services,services,standard,none,Under-7,78,10,98,58,68,62
female,group A,high school,other,other,standard,completed,Under-7,79,11,89,70,73,80
female,group E,some high school,services,services,standard,none,Under-7,16,15,90,60,61,58
male,group C,some high school,teacher,services,free/reduced,none,Under-7,17,13,80,52,53,47
male,group C,associate's degree,services,other,free/reduced,none,Under-7,40,50,87,61,62,54
female,group D,some high school,at_home,at_home,standard,none,Under-7,35,29,92,55,70,61
male,group B,high school,at_home,other,standard,completed,Under-7,14,15,97,80,80,79
male,group D,some college,other,services,free/reduced,none,Under-7,13,20,82,63,60,54
female,group B,master's degree,teacher,services,standard,none,Under-7,24,15,97,79,79,87
male,group A,associate's degree,teacher,other,standard,none,Under-7,23,20,82,74,78,72
female,group B,some college,health,other,free/reduced,completed,Above-7,20,9,3,46,58,64
female,group B,some high school,other,other,standard,completed,Above-7,15,12,4,72,88,92
female,group E,some high school,other,services,free/reduced,none,Above-7,5,6,13,58,64,64
female,group E,master's degree,health,other,standard,none,Above-7,7,11,9,47,50,47
female,group D,bachelor's degree,at_home,services,standard,completed,Under-7,10,40,94,68,78,84
male,group D,bachelor's degree,other,other,free/reduced,completed,Under-7,25,21,89,68,71,67
female,group D,high school,services,other,standard,none,Under-7,30,42,98,65,75,68
female,group B,associate's degree,services,services,standard,none,Under-7,35,41,97,50,54,51
female,group B,high school,teacher,services,free/reduced,completed,Under-7,32,32,88,48,71,68
female,group B,bachelor's degree,services,other,standard,none,Under-7,25,21,87,58,60,64
male,group C,some high school,other,services,free/reduced,completed,Under-7,72,52,98,71,74,68
male,group D,some high school,at_home,services,free/reduced,completed,Under-7,75,51,90,58,52,48
female,group A,some college,at_home,other,free/reduced,none,Above-7,20,31,88,66,90,83
male,group C,some college,at_home,other,free/reduced,none,Above-7,10,41,98,44,53,43
female,group B,some high school,services,services,standard,completed,Under-7,90,41,98,51,63,66
male,group A,some college,at_home,at_home,standard,completed,Under-7,80,51,88,78,83,77
male,group C,high school,other,services,standard,none,Under-7,80,21,95,72,71,65
female,group D,associate's degree,at_home,other,standard,none,Under-7,78,31,70,60,64,67
female,group C,associate's degree,teacher,services,free/reduced,none,Above-7,10,71,18,55,61,60
male,group B,some high school,other,services,standard,none,Above-7,10,51,58,64,67,64
female,group C,some high school,at_home,services,free/reduced,none,Under-7,98,60,88,57,64,60
female,group A,high school,other,teacher,standard,none,Under-7,75,51,81,70,75,74
male,group D,some high school,services,services,standard,completed,Under-7,10,50,17,84,72,76
female,group B,some college,at_home,services,standard,completed,Under-7,35,29,2,66,71,76
female,group C,bachelor's degree,other,at_home,free/reduced,completed,Above-7,10,22,20,56,65,73
male,group E,some college,other,other,free/reduced,completed,Above-7,5,19,9,59,53,56
female,group E,bachelor's degree,other,other,standard,none,Above-7,10,40,10,87,89,84
male,group E,high school,other,other,free/reduced,none,Above-7,35,29,2,73,75,64
female,group A,high school,health,other,standard,none,Above-7,20,50,90,85,91,89
male,group B,some college,teacher,services,free/reduced,none,Above-7,32,59,82,49,54,42
female,group C,bachelor's degree,other,other,standard,completed,Above-7,10,50,30,82,87,90
female,group D,some college,at_home,other,standard,none,Above-7,12,59,22,80,90,90
female,group E,high school,teacher,teacher,standard,none,Above-7,11,20,20,48,51,43
female,group D,high school,other,other,standard,completed,Above-7,10,29,12,85,83,94
female,group E,some high school,other,services,standard,completed,Under-7,69,20,82,70,78,76
male,group E,associate's degree,other,services,standard,completed,Under-7,70,29,83,89,84,81
female,group D,high school,other,other,standard,completed,Under-7,89,40,92,72,86,79
female,group D,some high school,at_home,other,free/reduced,none,Under-7,79,49,93,80,86,87
female,group D,some high school,teacher,at_home,free/reduced,none,Under-7,15,21,90,43,57,50
male,group C,some high school,services,other,free/reduced,completed,Under-7,20,31,77,54,61,61
male,group A,associate's degree,teacher,services,free/reduced,completed,Above-7,4,11,10,82,82,78
male,group C,bachelor's degree,other,other,free/reduced,none,Above-7,5,1,0,74,80,78
female,group C,some college,services,services,standard,none,Above-7,88,50,81,63,62,64
female,group C,high school,services,services,free/reduced,none,Above-7,90,54,88,47,56,51
female,group C,some college,other,other,free/reduced,none,Under-7,86,50,98,13,29,23
male,group D,some college,services,other,free/reduced,none,Under-7,90,57,90,67,58,56
male,group C,some high school,other,at_home,standard,none,Under-7,78,50,91,57,59,54
female,group B,some high school,services,other,standard,none,Under-7,70,54,98,64,78,83
female,group D,associate's degree,other,other,standard,none,Under-7,80,46,80,85,100,100
female,group B,associate's degree,other,other,standard,completed,Under-7,85,59,82,70,80,86
male,group B,bachelor's degree,services,teacher,standard,completed,Under-7,88,86,90,90,73,83
female,group A,some college,other,other,free/reduced,completed,Under-7,89,89,92,53,70,69
male,group C,some college,teacher,other,standard,completed,Above-7,39,40,71,74,73,75
male,group A,associate's degree,services,health,standard,completed,Above-7,35,34,80,61,71,67
female,group C,some high school,health,other,standard,completed,Under-7,76,80,81,55,74,73
female,group B,some college,teacher,services,standard,completed,Under-7,65,64,89,65,63,66
female,group A,high school,other,other,standard,none,Under-7,96,70,95,77,77,79
male,group C,associate's degree,health,other,standard,none,Under-7,80,87,91,74,61,56
male,group D,some college,services,other,standard,none,Above-7,2,10,9,94,92,85
female,group B,associate's degree,other,services,standard,completed,Above-7,3,19,8,54,64,68
male,group A,high school,services,other,standard,none,Under-7,50,10,79,52,49,43
male,group D,some college,health,services,standard,none,Under-7,53,9,88,73,75,71
male,group C,high school,teacher,other,standard,none,Under-7,70,12,89,81,72,58
female,group B,bachelor's degree,health,other,free/reduced,none,Under-7,59,19,90,62,75,72
female,group C,master's degree,teacher,health,free/reduced,none,Under-7,78,66,80,55,60,61
male,group C,some high school,other,other,free/reduced,completed,Under-7,79,79,72,55,61,61
female,group D,some high school,services,other,standard,none,Above-7,10,2,9,61,62,61
male,group E,high school,services,health,standard,none,Above-7,9,9,7,75,70,64
male,group E,some college,other,services,free/reduced,none,Under-7,98,86,90,79,65,59
female,group C,some high school,health,other,standard,none,Under-7,89,89,92,70,70,68
male,group A,some college,services,services,standard,none,Under-7,88,76,90,72,65,59
female,group C,some high school,teacher,other,free/reduced,none,Under-7,99,89,96,38,46,33
female,group A,bachelor's degree,health,teacher,standard,none,Under-7,82,22,89,57,71,63
male,group D,some high school,services,services,standard,none,Under-7,84,29,92,76,71,70
male,group C,some college,teacher,services,free/reduced,none,Above-7,70,46,69,45,45,38
male,group D,associate's degree,other,at_home,standard,none,Above-7,74,49,62,77,73,74
male,group C,high school,other,other,standard,none,Under-7,90,76,79,40,39,30
female,group E,some college,other,other,standard,none,Under-7,84,79,77,78,83,78
female,group A,master's degree,teacher,other,free/reduced,none,Above-7,80,62,80,63,65,66
male,group C,associate's degree,other,services,standard,none,Above-7,81,69,82,83,70,73
male,group C,associate's degree,services,teacher,free/reduced,none,Above-7,10,2,0,55,52,47
male,group B,some college,at_home,health,standard,completed,Above-7,11,9,2,88,78,76
male,group C,bachelor's degree,other,other,standard,none,Under-7,85,22,89,82,83,85
male,group E,bachelor's degree,teacher,other,standard,none,Under-7,80,23,89,86,71,71
female,group C,associate's degree,services,other,free/reduced,none,Under-7,95,62,87,61,74,72
female,group D,some college,services,teacher,standard,completed,Under-7,87,73,79,78,85,93
male,group C,associate's degree,other,services,standard,none,Above-7,85,72,87,67,63,66
female,group E,some high school,other,at_home,standard,none,Above-7,79,79,88,83,87,83
male,group C,some high school,other,other,standard,none,Under-7,80,71,81,68,74,69
male,group C,some college,health,services,standard,none,Under-7,70,70,83,53,52,44
male,group D,associate's degree,teacher,services,standard,none,Under-7,80,76,82,91,88,90
male,group B,associate's degree,services,other,free/reduced,none,Under-7,70,75,82,67,66,66
female,group C,high school,services,teacher,standard,completed,Under-7,89,86,87,53,64,62
female,group C,master's degree,health,services,standard,completed,Under-7,90,85,86,86,100,100
male,group E,some high school,health,other,free/reduced,completed,Above-7,69,76,77,75,70,61
male,group C,some college,services,health,standard,none,Above-7,70,65,76,55,38,35
male,group D,bachelor's degree,other,services,standard,completed,Above-7,75,64,72,93,86,95
female,group E,high school,other,other,standard,none,Above-7,72,66,76,62,71,66
male,group C,some college,services,other,free/reduced,none,Under-7,77,74,82,83,76,71
male,group D,some high school,teacher,services,standard,none,Under-7,71,67,84,73,72,64
female,group C,high school,other,health,free/reduced,none,Under-7,87,74,92,57,52,53
female,group C,some college,services,at_home,standard,none,Under-7,81,77,84,70,75,75
female,group B,high school,health,other,standard,completed,Under-7,15,22,97,55,62,64
male,group C,high school,services,teacher,standard,none,Under-7,19,20,98,65,56,51
female,group C,some high school,other,services,standard,completed,Above-7,25,52,82,76,85,88
male,group C,master's degree,teacher,services,free/reduced,none,Above-7,29,40,78,59,47,46
male,group C,associate's degree,services,health,standard,completed,Under-7,45,57,87,74,73,77
male,group B,some high school,teacher,services,standard,none,Under-7,39,43,88,65,59,60
male,group B,some college,other,services,standard,completed,Under-7,85,52,90,89,87,89
female,group B,master's degree,services,services,standard,none,Under-7,79,49,91,71,82,82
male,group C,some college,health,other,free/reduced,completed,Under-7,90,80,91,63,69,59
male,group C,some high school,other,services,standard,completed,Under-7,80,80,90,57,55,60
male,group B,some college,other,other,free/reduced,completed,Above-7,80,82,83,56,67,56
male,group A,some high school,other,other,free/reduced,completed,Above-7,71,83,81,49,44,41
female,group C,some college,other,other,free/reduced,completed,Above-7,72,72,87,28,44,50
female,group C,bachelor's degree,other,other,free/reduced,none,Above-7,69,83,77,69,73,71
female,group D,some high school,other,other,free/reduced,none,Under-7,85,42,99,49,62,60
male,group B,some high school,teacher,services,standard,completed,Under-7,89,45,96,67,62,58
female,group B,some college,teacher,other,free/reduced,completed,Under-7,80,64,82,74,85,82
female,group C,bachelor's degree,other,other,standard,completed,Under-7,87,63,93,47,67,63
female,group C,some college,other,other,standard,none,Above-7,15,14,9,63,63,69
male,group C,some college,at_home,other,standard,none,Above-7,9,15,6,73,51,53
female,group D,some college,other,other,standard,none,Under-7,81,86,86,91,94,96
male,group B,some college,other,services,standard,none,Under-7,78,78,82,80,87,79
female,group C,associate's degree,services,other,standard,none,Under-7,80,74,87,66,73,68
male,group B,some college,services,other,standard,none,Under-7,85,79,88,52,48,43
female,group B,some college,other,services,standard,none,Above-7,2,4,7,65,71,65
male,group D,some college,services,other,standard,completed,Above-7,5,5,4,83,75,71
female,group C,some high school,at_home,services,free/reduced,none,Under-7,50,14,77,80,85,78
male,group E,bachelor's degree,other,other,free/reduced,none,Under-7,55,25,74,68,68,59
male,group C,some college,services,other,free/reduced,completed,Above-7,30,14,17,68,73,68
male,group C,associate's degree,teacher,other,free/reduced,none,Above-7,35,23,14,62,43,45
female,group B,some high school,other,health,standard,none,Under-7,15,2,82,76,88,84
female,group C,bachelor's degree,services,other,free/reduced,none,Under-7,20,7,52,77,79,83
female,group E,master's degree,other,other,free/reduced,none,Above-7,10,19,42,83,81,83
female,group C,some college,teacher,other,free/reduced,none,Above-7,30,15,42,71,78,82
male,group D,some college,services,services,free/reduced,completed,Above-7,40,85,82,86,91,89
male,group B,master's degree,at_home,health,standard,none,Above-7,42,90,12,93,96,96
female,group B,associate's degree,services,other,free/reduced,none,Above-7,35,80,32,60,64,60
female,group D,some high school,other,other,standard,none,Under-7,50,5,10,57,56,58
male,group C,bachelor's degree,other,other,standard,none,Under-7,12,19,40,84,79,74
female,group D,bachelor's degree,other,other,standard,none,Under-7,70,22,52,66,71,75
male,group D,master's degree,services,at_home,standard,none,Under-7,50,11,32,85,69,74
female,group D,master's degree,services,services,standard,completed,Under-7,19,12,2,57,68,76
female,group C,some high school,services,teacher,standard,none,Above-7,5,6,6,41,49,49
female,group C,some high school,services,other,standard,none,Above-7,20,54,82,75,76,76
male,group D,high school,services,other,free/reduced,none,Above-7,62,0,80,65,63,60
male,group E,some college,other,other,standard,none,Under-7,30,90,22,78,65,60
female,group B,some high school,other,health,free/reduced,none,Above-7,36,13,42,26,34,28
male,group E,some college,services,other,free/reduced,none,Above-7,55,20,52,71,64,66
male,group B,bachelor's degree,other,other,standard,completed,Under-7,69,12,46,86,92,93
male,group B,associate's degree,health,other,standard,completed,Under-7,70,35,56,89,84,81
female,group B,high school,teacher,health,free/reduced,none,Above-7,60,33,56,53,64,63
female,group C,associate's degree,services,teacher,standard,none,Under-7,10,12,72,87,87,92
male,group D,associate's degree,at_home,other,standard,none,Under-7,15,10,82,71,57,59
male,group D,high school,teacher,other,standard,none,Above-7,2,4,32,77,80,72
female,group C,high school,health,other,free/reduced,completed,Above-7,0,80,35,43,48,53
female,group C,associate's degree,teacher,services,standard,none,Above-7,8,39,85,88,91,86
male,group E,some high school,other,teacher,standard,none,Under-7,19,14,91,86,76,63
female,group E,some high school,other,teacher,free/reduced,completed,Above-7,25,15,65,45,56,55
male,group C,some college,other,services,standard,none,Under-7,75,90,76,69,56,57
female,group D,high school,other,other,standard,none,Under-7,30,70,32,65,70,72
male,group E,some college,at_home,other,free/reduced,none,Under-7,35,50,12,81,79,71
female,group A,some high school,services,services,standard,none,Above-7,4,14,82,90,88,86
female,group E,associate's degree,other,services,standard,none,Above-7,2,5,72,78,72,71
female,group C,master's degree,health,health,standard,completed,Above-7,8,2,82,71,79,89
female,group C,some high school,other,other,standard,none,Above-7,12,60,72,75,80,72
male,group C,bachelor's degree,services,other,free/reduced,none,Above-7,10,22,86,70,60,56
male,group B,associate's degree,other,services,standard,none,Above-7,8,10,82,54,52,48
male,group B,high school,at_home,other,standard,none,Under-7,45,70,26,49,36,32
male,group B,associate's degree,services,other,free/reduced,completed,Above-7,0,90,32,80,82,82
female,group E,bachelor's degree,teacher,other,standard,none,Under-7,50,13,20,78,89,93
male,group C,bachelor's degree,services,teacher,standard,none,Above-7,14,5,15,89,77,82
female,group C,bachelor's degree,at_home,teacher,standard,completed,Under-7,19,5,21,65,83,82
male,group D,associate's degree,other,other,standard,none,Above-7,10,10,25,78,74,71
female,group D,high school,services,other,standard,none,Under-7,30,75,24,69,85,78
male,group D,some college,at_home,other,free/reduced,none,Under-7,33,69,29,49,47,48
female,group D,master's degree,services,teacher,free/reduced,none,Above-7,20,40,74,50,64,66
female,group E,some college,at_home,at_home,standard,none,Above-7,7,30,59,79,76,71
female,group D,some college,other,other,standard,completed,Under-7,70,22,74,89,92,97
male,group A,associate's degree,services,other,free/reduced,completed,Under-7,13,2,79,48,61,59
female,group A,bachelor's degree,teacher,other,standard,none,Under-7,29,30,34,63,67,71
female,group C,some college,teacher,teacher,standard,none,Above-7,20,0,29,88,100,88
female,group D,associate's degree,services,services,standard,none,Above-7,39,90,44,66,73,73
female,group B,some college,teacher,services,free/reduced,none,Under-7,55,70,69,45,59,56
female,group E,some high school,at_home,services,standard,completed,Under-7,49,80,74,62,78,73
male,group D,some college,other,at_home,free/reduced,completed,Above-7,12,3,89,74,80,86
female,group D,bachelor's degree,other,other,free/reduced,none,Above-7,16,90,83,82,87,90
male,group E,some college,health,services,free/reduced,completed,Above-7,19,15,83,83,63,63
female,group D,some high school,at_home,services,free/reduced,completed,Above-7,5,25,13,60,72,76
female,group D,high school,teacher,other,standard,none,Under-7,28,5,23,66,73,72
male,group C,bachelor's degree,services,teacher,free/reduced,none,Under-7,27,4,23,76,66,68
male,group B,associate's degree,other,other,standard,completed,Above-7,21,70,20,75,74,76
male,group B,some college,at_home,other,standard,completed,Under-7,50,0,10,77,72,79
female,group E,some college,services,other,free/reduced,none,Under-7,80,12,20,82,88,86
male,group C,associate's degree,services,services,standard,completed,Under-7,17,70,18,63,59,60
female,group D,high school,other,at_home,standard,none,Above-7,0,12,33,70,85,85
male,group D,associate's degree,at_home,teacher,standard,completed,Above-7,13,20,10,84,71,76
male,group C,high school,other,services,standard,completed,Above-7,25,8,20,68,60,63
male,group C,some college,at_home,other,free/reduced,none,Under-7,65,90,63,56,58,50
female,group C,associate's degree,at_home,other,free/reduced,none,Under-7,70,70,73,37,46,43
female,group D,some high school,other,other,standard,none,Under-7,39,89,50,49,56,53
female,group E,some college,at_home,services,standard,completed,Above-7,22,44,29,100,100,100
male,group D,some college,other,other,standard,none,Under-7,29,80,30,83,68,65
female,group E,master's degree,other,other,free/reduced,completed,Under-7,11,60,29,92,100,98
male,group E,master's degree,at_home,other,free/reduced,none,Above-7,19,2,9,71,62,66
male,group D,associate's degree,other,services,free/reduced,completed,Under-7,12,3,12,72,76,73
female,group D,bachelor's degree,services,services,free/reduced,none,Under-7,50,7,20,37,53,48
male,group C,bachelor's degree,other,services,free/reduced,none,Under-7,15,90,15,35,43,35
male,group C,some college,health,other,free/reduced,none,Under-7,20,92,10,69,68,62
female,group C,bachelor's degree,other,services,standard,none,Above-7,13,6,11,65,73,81
male,group E,high school,health,other,free/reduced,none,Under-7,80,7,15,56,48,36
female,group D,high school,other,health,standard,none,Under-7,8,12,13,40,46,57
female,group E,high school,other,other,standard,none,Above-7,8,0,50,60,62,60
female,group C,some high school,services,other,standard,none,Above-7,7,26,29,57,66,73
female,group C,some high school,at_home,other,free/reduced,completed,Above-7,7,90,15,58,62,66
female,group D,some college,other,services,standard,completed,Above-7,50,12,20,74,95,94
female,group B,some college,health,other,standard,none,Above-7,1,70,15,77,77,83
male,group E,some college,other,other,free/reduced,none,Under-7,70,88,20,66,57,53
female,group D,some college,teacher,other,standard,completed,Under-7,19,80,9,62,79,87
male,group C,high school,health,other,free/reduced,none,Under-7,3,5,12,29,38,27
female,group B,some college,other,services,standard,none,Above-7,5,27,6,70,73,66
male,group A,associate's degree,at_home,other,free/reduced,none,Above-7,4,2,11,67,64,60
female,group C,high school,other,other,standard,completed,Under-7,80,8,40,81,91,94
male,group C,associate's degree,other,other,free/reduced,none,Under-7,50,80,21,56,50,43
female,group D,some college,at_home,services,free/reduced,none,Under-7,35,29,42,61,79,76
female,group D,high school,other,other,free/reduced,completed,Above-7,14,35,41,47,54,56
male,group A,bachelor's degree,health,other,standard,completed,Under-7,13,60,32,88,87,94
male,group C,some college,teacher,services,standard,completed,Under-7,24,12,21,51,52,52
male,group C,master's degree,teacher,services,standard,none,Under-7,23,4,52,68,60,62
female,group B,associate's degree,services,other,standard,none,Under-7,20,90,51,68,71,71
female,group B,high school,other,other,free/reduced,none,Above-7,15,98,31,47,49,50
male,group E,master's degree,other,other,free/reduced,completed,Under-7,5,6,41,84,77,82
male,group B,some college,other,services,free/reduced,none,Under-7,7,30,41,69,72,68
female,group D,bachelor's degree,services,services,standard,completed,Above-7,10,9,51,52,69,75
male,group B,associate's degree,other,services,standard,none,Above-7,25,33,21,80,79,79
male,group C,bachelor's degree,other,services,standard,none,Above-7,30,10,31,100,84,88
male,group C,high school,services,other,standard,completed,Above-7,35,90,71,53,59,64
female,group B,master's degree,at_home,services,standard,completed,Under-7,32,9,51,59,73,74
female,group B,some college,services,teacher,standard,none,Under-7,25,42,60,78,96,89
female,group B,associate's degree,other,other,standard,none,Above-7,72,3,51,84,87,89
female,group C,high school,other,teacher,free/reduced,none,Under-7,75,60,50,52,72,71
male,group C,associate's degree,health,teacher,free/reduced,none,Under-7,20,80,29,81,78,75
female,group C,associate's degree,teacher,other,standard,completed,Under-7,10,80,22,90,95,100
female,group A,high school,services,other,standard,none,Above-7,90,80,19,63,73,66
male,group D,bachelor's degree,other,other,standard,completed,Above-7,80,80,40,100,97,100
female,group B,some college,services,other,standard,none,Above-7,80,80,29,56,63,62
female,group B,some college,services,services,standard,none,Above-7,78,85,50,46,54,54
female,group B,high school,teacher,services,free/reduced,completed,Above-7,10,60,59,75,85,90
female,group A,some college,other,other,standard,none,Under-7,10,65,50,46,51,54
male,group A,some high school,other,other,free/reduced,none,Above-7,98,75,59,42,40,40
female,group C,some high school,at_home,other,standard,completed,Under-7,75,90,20,77,86,90
female,group C,some college,other,other,free/reduced,none,Under-7,10,10,29,40,63,56
female,group D,high school,services,other,standard,none,Above-7,35,75,20,69,71,76
male,group C,high school,teacher,other,standard,none,Above-7,10,75,29,43,50,45
female,group C,associate's degree,health,other,standard,completed,Under-7,5,79,40,69,75,71
female,group D,bachelor's degree,other,other,standard,completed,Under-7,10,55,49,89,93,100
male,group B,associate's degree,other,other,standard,none,Above-7,35,75,21,44,34,36
male,group D,high school,other,other,free/reduced,completed,Under-7,20,80,31,82,83,77
male,group D,associate's degree,other,other,free/reduced,none,Above-7,32,63,11,72,72,65
male,group C,bachelor's degree,at_home,health,standard,none,Under-7,10,91,1,64,53,50
male,group D,some high school,at_home,other,standard,none,Under-7,12,51,50,89,73,70
male,group E,associate's degree,services,at_home,free/reduced,none,Above-7,11,50,54,58,53,54
female,group A,high school,other,services,standard,completed,Under-7,10,58,50,63,81,78
female,group A,bachelor's degree,teacher,other,standard,none,Above-7,69,50,,54,66,69
male,group C,high school,health,teacher,free/reduced,completed,Above-7,70,50,,83,78,82
female,group C,high school,teacher,other,standard,none,Under-7,89,51,,57,74,64
female,group C,high school,services,services,standard,none,Under-7,79,68,,52,47,48
female,group D,high school,teacher,other,standard,completed,Under-7,15,89,,75,93,97
male,group E,high school,at_home,other,free/reduced,completed,Under-7,20,80,,67,66,64
male,group B,some high school,other,services,standard,none,Under-7,4,82,,58,60,53
female,group B,bachelor's degree,other,other,free/reduced,none,Under-7,5,82,,63,66,68
female,group D,some high school,other,other,free/reduced,none,Above-7,88,72,,49,64,57
female,group D,some college,at_home,other,free/reduced,none,Above-7,90,65,30,38,47,52
female,group B,some college,services,other,standard,completed,Under-7,86,82,35,74,85,84
male,group C,associate's degree,services,teacher,free/reduced,completed,Under-7,90,92,32,69,84,82
female,group D,associate's degree,teacher,other,standard,none,Above-7,78,52,25,77,82,80
female,group A,master's degree,teacher,other,free/reduced,none,Under-7,70,12,72,40,59,59
female,group B,master's degree,health,other,standard,completed,Under-7,80,62,75,96,98,100
female,group B,bachelor's degree,services,other,standard,none,Under-7,85,52,20,85,86,85
male,group D,associate's degree,services,other,standard,none,Under-7,88,22,10,85,77,76
male,group C,high school,services,services,standard,none,Under-7,89,52,90,72,59,54
female,group B,associate's degree,health,services,free/reduced,none,Under-7,39,62,80,63,78,73
male,group B,some high school,health,other,standard,none,Under-7,35,2,80,58,67,58
male,group B,bachelor's degree,other,other,free/reduced,none,Under-7,76,52,78,58,64,54
male,group C,high school,other,other,free/reduced,none,Above-7,65,52,10,51,57,53
female,group D,master's degree,teacher,services,standard,completed,Above-7,96,42,10,100,100,100
female,group D,master's degree,health,other,standard,none,Under-7,80,51,98,77,84,92
male,group E,bachelor's degree,other,other,free/reduced,none,Under-7,2,70,75,63,56,56
female,group C,some college,other,other,standard,none,Under-7,3,62,10,64,67,68
male,group E,high school,health,services,standard,none,Above-7,50,75,35,100,82,80
male,group C,associate's degree,other,services,standard,none,Under-7,53,15,10,66,65,65
male,group E,bachelor's degree,services,other,standard,none,Under-7,70,35,5,87,87,84
male,group C,high school,services,other,standard,none,Under-7,75,65,10,73,72,69
male,group C,master's degree,teacher,other,free/reduced,completed,Under-7,78,15,35,69,66,65
female,group C,high school,other,services,standard,none,Above-7,79,71,20,62,64,63
female,group C,some high school,at_home,other,standard,none,Above-7,16,71,32,40,48,49
male,group C,some college,services,other,free/reduced,completed,Under-7,17,66,10,55,68,60
male,group D,high school,at_home,other,standard,completed,Under-7,40,25,12,77,77,78
male,group D,some college,other,services,standard,completed,Under-7,35,25,11,63,70,71
male,group D,associate's degree,services,at_home,standard,completed,Under-7,14,91,10,85,85,91
female,group B,high school,at_home,other,free/reduced,none,Under-7,13,75,69,30,43,40
male,group B,high school,other,services,standard,none,Under-7,24,75,70,82,77,71
male,group D,associate's degree,services,other,free/reduced,completed,Under-7,23,43,89,81,71,70
female,group C,some high school,other,other,standard,completed,Above-7,20,65,79,92,100,97
male,group B,some college,at_home,other,free/reduced,none,Above-7,15,75,15,50,48,36
female,group B,associate's degree,teacher,other,standard,none,Above-7,5,15,20,54,60,56
male,group C,associate's degree,services,services,standard,completed,Above-7,7,95,4,76,83,78
female,group D,some high school,other,other,standard,none,Under-7,10,90,5,60,68,74
female,group A,associate's degree,services,other,free/reduced,completed,Under-7,25,58,88,45,72,66
male,group D,high school,services,other,standard,none,Under-7,30,5,90,80,77,72
male,group D,some high school,at_home,other,free/reduced,none,Under-7,35,51,86,52,45,48
female,group C,high school,other,other,standard,completed,Under-7,32,10,90,90,89,97
female,group D,high school,other,services,free/reduced,none,Above-7,25,51,78,53,65,69
female,group C,associate's degree,services,services,standard,none,Under-7,72,31,70,92,95,95
female,group C,some college,teacher,other,standard,completed,Under-7,75,21,80,63,78,75
female,group B,some high school,teacher,at_home,standard,none,Above-7,20,41,85,71,77,79
female,group D,some high school,other,health,standard,none,Under-7,10,81,88,64,70,73
female,group C,some college,at_home,other,standard,completed,Under-7,90,90,89,67,81,89
male,group C,high school,services,services,free/reduced,none,Under-7,80,61,39,63,63,61
male,group B,high school,other,services,standard,none,Under-7,80,81,35,63,53,44
male,group C,some high school,at_home,health,standard,none,Under-7,78,61,76,59,49,46
male,group E,high school,services,services,standard,none,Under-7,10,50,65,49,43,35
female,group D,master's degree,services,other,standard,none,Above-7,10,21,96,75,84,86
female,group C,some high school,other,services,free/reduced,none,Under-7,98,41,80,34,47,45
female,group B,associate's degree,services,other,free/reduced,none,Under-7,75,88,2,53,70,69
male,group B,master's degree,other,other,standard,none,Under-7,10,61,3,63,56,60
male,group C,associate's degree,services,other,standard,none,Under-7,35,51,50,75,69,65
male,group E,associate's degree,teacher,other,free/reduced,none,Under-7,10,69,53,63,61,62
female,group C,high school,services,at_home,standard,none,Under-7,5,51,70,70,72,75
female,group C,some college,at_home,teacher,standard,none,Above-7,79,61,75,61,73,70
male,group C,associate's degree,at_home,services,standard,none,Under-7,71,83,78,74,61,59
male,group D,associate's degree,other,teacher,free/reduced,none,Under-7,70,81,79,57,49,48
male,group C,some high school,teacher,other,free/reduced,completed,Under-7,76,90,16,41,52,47
male,group D,some high school,teacher,services,standard,none,Under-7,75,11,17,87,80,76
male,group C,high school,health,at_home,free/reduced,none,Under-7,86,3,40,69,71,62
male,group C,associate's degree,other,other,free/reduced,none,Above-7,85,84,35,69,77,70
male,group D,high school,other,other,standard,completed,Above-7,76,17,14,58,56,56
female,group B,some college,health,other,free/reduced,completed,Under-7,65,42,13,47,69,62
male,group D,associate's degree,at_home,other,standard,completed,Under-7,64,7,24,78,69,71
female,group B,some college,other,other,free/reduced,completed,Under-7,66,72,23,54,61,71
male,group C,some college,services,other,free/reduced,none,Under-7,74,80,20,36,27,26
male,group B,bachelor's degree,services,teacher,standard,completed,Under-7,67,60,15,94,92,92
female,group D,associate's degree,teacher,other,free/reduced,none,Under-7,74,8,5,68,84,80
female,group E,high school,services,teacher,standard,none,Under-7,77,10,7,90,88,84
male,group A,some college,other,other,standard,none,Above-7,22,80,10,57,57,53
male,group D,some college,at_home,health,standard,completed,Above-7,20,80,25,96,95,90
male,group B,some high school,at_home,other,standard,completed,Above-7,52,80,30,68,63,62
female,group C,some high school,at_home,at_home,standard,completed,Above-7,40,80,35,52,64,63
male,group E,associate's degree,services,other,standard,none,Under-7,57,80,32,90,76,73
male,group C,some college,at_home,services,free/reduced,completed,Under-7,43,20,25,71,82,75
female,group C,some college,other,services,free/reduced,completed,Under-7,52,20,72,58,69,74
male,group C,some high school,at_home,other,free/reduced,none,Under-7,49,92,75,41,39,34
male,group D,some high school,teacher,services,standard,completed,Under-7,80,40,20,43,37,43
male,group D,high school,other,other,standard,none,Under-7,80,94,10,85,70,71
male,group B,some high school,at_home,services,standard,none,Under-7,82,48,90,71,72,69
female,group A,high school,other,other,standard,none,Under-7,83,40,80,72,70,72
male,group D,associate's degree,services,health,free/reduced,none,Under-7,72,86,80,70,62,66
female,group D,bachelor's degree,at_home,other,standard,none,Under-7,83,6,78,89,100,100
female,group E,high school,other,other,standard,none,Under-7,42,74,10,92,86,82
male,group E,some college,other,other,free/reduced,completed,Above-7,45,76,10,80,79,81
male,group C,some high school,other,services,standard,none,Above-7,64,26,98,80,70,60
female,group B,high school,other,other,standard,none,Above-7,63,97,75,56,64,59
male,group E,high school,health,services,free/reduced,none,Above-7,14,17,6,93,86,73
male,group C,associate's degree,teacher,other,free/reduced,completed,Above-7,15,87,74,49,37,41
female,group E,master's degree,other,services,standard,none,Above-7,86,99,76,59,57,58
female,group C,some high school,at_home,services,standard,completed,Above-7,78,97,26,64,74,75
male,group D,some high school,teacher,at_home,standard,none,Above-7,74,34,97,73,66,59
female,group B,some college,other,other,standard,completed,Above-7,79,17,17,82,86,90
male,group D,high school,other,services,free/reduced,none,Above-7,4,97,87,48,43,41
female,group A,some high school,other,other,free/reduced,completed,Above-7,5,27,99,51,64,62
female,group E,some high school,other,services,free/reduced,completed,Under-7,14,94,97,38,46,43
male,group B,some college,at_home,teacher,free/reduced,none,Under-7,25,64,34,45,50,42
female,group A,some college,teacher,other,standard,completed,Under-7,14,84,23,83,92,95
female,group B,some high school,services,other,standard,completed,Above-7,23,80,10,45,57,56
male,group D,high school,teacher,services,free/reduced,none,Above-7,80,70,16,66,64,62
male,group D,high school,other,other,free/reduced,completed,Under-7,80,8,20,60,62,57
male,group C,associate's degree,services,other,standard,none,Under-7,80,28,7,49,47,49
male,group D,bachelor's degree,services,other,standard,none,Under-7,80,84,25,80,84,86
male,group E,high school,other,at_home,standard,none,Above-7,20,81,50,75,68,66
male,group B,some college,services,other,free/reduced,completed,Above-7,20,21,30,57,68,61
female,group B,some high school,other,services,free/reduced,none,Above-7,92,20,12,25,36,37
male,group E,some college,services,other,free/reduced,none,Under-7,40,82,10,90,87,81
female,group D,some college,other,services,standard,none,Above-7,94,62,21,63,70,71
male,group E,associate's degree,other,services,standard,none,Under-7,48,21,80,100,91,86
male,group C,associate's degree,services,other,free/reduced,none,Above-7,40,31,88,76,68,66
female,group B,some high school,other,at_home,free/reduced,none,Under-7,86,31,6,52,58,53
female,group B,master's degree,teacher,other,standard,completed,Under-7,6,41,1,81,86,93
male,group C,associate's degree,services,services,standard,completed,Under-7,74,71,14,90,89,87
male,group D,associate's degree,health,services,standard,none,Under-7,76,60,70,83,82,81
female,group B,high school,teacher,other,standard,none,Under-7,26,94,40,61,73,69
female,group E,associate's degree,other,other,standard,completed,Above-7,97,87,30,79,69,75
male,group B,some college,,other,standard,none,Above-7,17,38,13,52,53,51
female,group B,bachelor's degree,,services,standard,completed,Above-7,87,39,15,62,65,67
female,group D,some college,,other,standard,none,Above-7,99,79,50,85,90,84
female,group E,high school,,services,free/reduced,completed,Above-7,97,79,60,74,96,95
male,group C,associate's degree,,other,free/reduced,none,Under-7,34,70,12,83,85,78
male,group C,some college,,other,standard,none,Under-7,17,71,21,78,72,72
female,group C,high school,,services,free/reduced,none,Above-7,97,36,0,41,43,40
female,group A,high school,services,services,standard,none,Above-7,27,24,2,77,91,87
male,group C,bachelor's degree,at_home,other,standard,none,Above-7,94,86,7,95,99,91
female,group B,high school,other,services,free/reduced,none,Above-7,64,64,19,50,68,66
male,group C,some college,health,services,standard,none,Under-7,84,86,15,74,76,70
female,group D,bachelor's degree,other,other,standard,completed,Under-7,80,64,85,74,93,93
male,group E,high school,teacher,other,standard,none,Under-7,70,87,90,70,62,61
male,group D,associate's degree,health,services,free/reduced,none,Under-7,8,74,80,61,59,54
female,group A,master's degree,other,at_home,standard,completed,Under-7,79,17,5,94,100,100
female,group D,high school,at_home,services,standard,none,Under-7,52,14,19,66,84,77
female,group D,master's degree,other,other,standard,none,Under-7,62,12,22,83,88,93
male,group D,high school,other,services,standard,none,Under-7,85,34,11,75,63,60
male,group D,high school,at_home,services,free/reduced,completed,Under-7,74,20,12,56,65,63
female,group B,some college,other,services,free/reduced,none,Under-7,83,44,6,66,88,83
female,group B,high school,health,teacher,free/reduced,none,Under-7,78,50,54,61,69,66
male,group C,some high school,teacher,services,standard,completed,Under-7,41,44,0,70,79,73
male,group C,master's degree,teacher,services,standard,none,Under-7,77,59,90,57,59,53
female,group C,associate's degree,services,at_home,free/reduced,completed,Under-7,95,64,13,78,89,90
female,group C,some high school,other,other,standard,none,Above-7,50,57,20,62,76,67
male,group C,some high school,other,other,standard,completed,Above-7,74,84,12,64,53,49
female,group B,high school,other,other,free/reduced,none,Under-7,74,29,35,55,66,65
female,group D,some college,services,other,standard,none,Under-7,70,34,33,72,83,83
male,group A,some college,other,services,free/reduced,none,Under-7,61,79,12,49,48,42
female,group D,some college,other,other,standard,none,Under-7,94,64,10,62,60,63
male,group B,some high school,services,other,free/reduced,none,Above-7,66,88,4,76,73,68
female,group C,master's degree,at_home,teacher,standard,completed,Above-7,83,84,80,73,86,85
female,group C,associate's degree,services,other,standard,completed,Under-7,75,92,39,72,76,78
male,group C,high school,other,services,standard,none,Under-7,56,90,14,85,85,76
male,group A,some college,other,services,free/reduced,none,Above-7,67,97,15,71,68,65
female,group C,some high school,health,other,free/reduced,none,Above-7,59,95,90,28,38,31
male,group C,high school,teacher,other,free/reduced,none,Under-7,60,87,70,41,42,38
male,group E,associate's degree,services,at_home,standard,none,Under-7,78,80,50,78,72,68
male,group C,master's degree,other,other,free/reduced,none,Above-7,73,15,14,48,52,44
male,group C,associate's degree,services,services,free/reduced,none,Above-7,77,10,5,38,51,47
female,group A,bachelor's degree,services,other,standard,completed,Above-7,59,35,2,91,100,100
female,group D,bachelor's degree,teacher,services,standard,none,Above-7,88,20,60,71,81,80
female,group D,bachelor's degree,other,other,standard,none,Under-7,56,15,22,84,87,92
male,group E,associate's degree,other,other,free/reduced,completed,Under-7,42,10,10,63,60,63
female,group A,associate's degree,at_home,other,standard,completed,Under-7,83,77,70,70,78,87
male,group B,bachelor's degree,other,teacher,free/reduced,completed,Under-7,87,85,90,48,52,57
male,group D,some high school,services,other,standard,completed,Under-7,87,7,13,68,72,73
female,group D,some college,teacher,other,standard,none,Under-7,74,2,5,84,84,87
male,group D,high school,health,health,standard,none,Above-7,87,90,5,61,62,60
male,group C,some high school,other,other,free/reduced,none,Above-7,61,80,10,62,59,62
female,group C,master's degree,other,services,free/reduced,none,Above-7,47,8,75,66,78,83
female,group C,high school,other,other,standard,completed,Above-7,62,7,69,52,65,71
female,group D,some college,other,other,standard,completed,Under-7,44,90,40,68,75,73
male,group D,some college,at_home,other,free/reduced,completed,Under-7,32,80,30,62,68,71
male,group E,bachelor's degree,at_home,services,standard,completed,Under-7,76,98,22,90,88,84
female,group A,master's degree,services,other,free/reduced,none,Under-7,52,89,2,42,50,44
male,group D,associate's degree,other,services,free/reduced,completed,Under-7,69,90,30,74,90,89
male,group B,associate's degree,teacher,other,standard,completed,Under-7,55,80,0,62,61,61
male,group C,some college,health,other,standard,none,Under-7,38,87,90,56,55,50
male,group C,high school,teacher,health,free/reduced,none,Under-7,45,92,70,64,52,54
male,group D,high school,services,other,standard,completed,Above-7,60,97,80,79,84,80
female,group C,some high school,teacher,other,standard,none,Above-7,68,82,3,44,65,63
female,group B,some college,at_home,health,standard,completed,Above-7,89,97,90,69,94,87
male,group A,some college,other,services,standard,none,Above-7,54,82,15,53,48,48
male,group C,high school,other,other,standard,none,Under-7,79,3,25,74,69,61
male,group C,associate's degree,other,services,standard,none,Under-7,74,4,5,49,55,48
female,group D,associate's degree,at_home,other,free/reduced,none,Above-7,41,13,4,57,71,71
female,group D,master's degree,services,teacher,standard,none,Above-7,65,9,70,61,72,64
female,group C,master's degree,services,services,free/reduced,none,Under-7,88,94,0,65,88,84
female,group C,some college,teacher,services,standard,none,Under-7,74,89,12,51,60,52
female,group C,some high school,teacher,at_home,standard,none,Above-7,77,98,70,49,51,41
male,group B,master's degree,health,other,free/reduced,none,Above-7,65,97,12,56,65,56
male,group D,associate's degree,services,other,standard,none,Under-7,68,88,20,65,62,63
male,group D,some college,services,other,standard,none,Under-7,81,87,8,70,64,62
male,group D,some college,services,services,standard,none,Above-7,75,98,90,91,95,88
female,group D,high school,health,teacher,standard,completed,Above-7,67,90,70,48,56,64
female,group C,associate's degree,health,health,standard,completed,Under-7,90,88,89,94,99,100
male,group B,master's degree,other,other,standard,none,Under-7,80,98,44,77,76,73
female,group D,some high school,other,other,standard,none,Under-7,80,98,80,59,78,75
female,group C,some college,teacher,other,free/reduced,none,Under-7,78,88,60,57,75,70
female,group C,some high school,health,teacher,standard,none,Under-7,10,95,2,76,82,74
male,group D,high school,other,services,standard,none,Under-7,10,70,3,65,63,64
female,group B,master's degree,other,at_home,standard,completed,Under-7,98,18,7,75,75,83
male,group D,master's degree,health,other,standard,none,Under-7,75,58,90,70,66,65
male,group C,high school,other,services,standard,completed,Under-7,10,88,92,79,79,70
male,group E,associate's degree,services,services,standard,completed,Under-7,35,81,6,100,100,100
female,group A,bachelor's degree,services,other,standard,completed,Under-7,10,17,7,83,96,99
female,group C,associate's degree,teacher,teacher,free/reduced,none,Under-7,5,2,12,70,84,78
male,group E,some high school,other,services,standard,completed,Above-7,10,20,0,97,80,88
female,group E,high school,at_home,other,free/reduced,none,Above-7,35,9,26,33,32,35
male,group B,master's degree,services,health,free/reduced,none,Above-7,20,10,90,38,40,41
male,group C,some college,at_home,services,standard,completed,Above-7,32,2,12,46,51,47
female,group D,some college,other,other,free/reduced,none,Under-7,10,90,70,13,36,37
male,group A,master's degree,services,other,standard,none,Under-7,12,82,16,85,83,78
female,group B,some college,at_home,services,standard,none,Under-7,11,30,20,79,79,80
female,group B,some high school,other,health,standard,none,Under-7,10,22,7,76,81,79
female,group C,some high school,services,at_home,free/reduced,completed,Under-7,69,20,25,53,70,65
male,group A,high school,other,other,standard,completed,Under-7,70,12,50,68,70,63
male,group D,associate's degree,at_home,teacher,free/reduced,completed,Under-7,89,82,30,67,70,70
male,group E,some college,teacher,services,standard,completed,Under-7,79,83,12,100,84,88
male,group C,associate's degree,services,services,free/reduced,none,Above-7,15,92,10,54,48,45
female,group E,associate's degree,other,health,free/reduced,none,Above-7,20,93,21,72,73,70
male,group A,some college,services,services,standard,completed,Under-7,4,90,80,91,97,95
male,group D,master's degree,services,services,standard,completed,Under-7,5,77,88,87,81,86
female,group D,associate's degree,at_home,services,free/reduced,none,Under-7,88,10,6,66,75,74
male,group C,some high school,other,other,standard,none,Under-7,90,0,1,65,66,64
female,group E,associate's degree,other,services,free/reduced,completed,Above-7,86,81,14,41,56,53
female,group C,associate's degree,services,other,standard,none,Above-7,90,77,70,67,69,65
male,group E,high school,teacher,other,standard,none,Under-7,78,74,40,94,89,86
female,group B,bachelor's degree,teacher,other,free/reduced,completed,Under-7,70,17,30,57,70,68
male,group A,high school,other,other,standard,none,Under-7,80,14,13,89,83,80
male,group A,associate's degree,at_home,other,standard,completed,Under-7,85,2,15,77,73,80
male,group C,some high school,services,services,standard,none,Above-7,88,3,50,57,60,50
male,group D,some college,other,other,standard,completed,Above-7,89,0,60,72,72,72
male,group D,bachelor's degree,at_home,other,standard,completed,Above-7,39,5,12,98,94,95
female,group D,master's degree,services,other,standard,none,Above-7,35,12,21,87,97,100
male,group C,some high school,services,other,free/reduced,none,Above-7,76,13,0,61,57,55
female,group C,master's degree,other,other,standard,none,Above-7,65,0,2,85,100,97
female,group D,some high school,services,services,standard,none,Above-7,96,15,7,81,85,91
female,group D,high school,other,other,standard,completed,Above-7,80,16,19,74,84,79
male,group C,bachelor's degree,services,other,standard,none,Above-7,2,25,15,98,92,90
female,group D,some college,teacher,services,standard,none,Above-7,3,30,85,86,84,89
male,group C,bachelor's degree,services,other,standard,completed,Under-7,50,19,90,85,81,82
male,group C,some college,at_home,services,standard,none,Under-7,53,0,80,68,71,63
female,group E,high school,at_home,other,free/reduced,completed,Under-7,70,12,5,66,78,77
male,group B,some high school,other,other,free/reduced,completed,Under-7,75,44,19,75,74,71
male,group C,bachelor's degree,teacher,other,standard,none,Under-7,78,22,22,79,57,58
female,group B,bachelor's degree,teacher,health,free/reduced,none,Under-7,79,20,11,59,85,82
male,group B,master's degree,health,other,free/reduced,none,Above-7,16,35,12,60,62,58
male,group D,high school,other,other,standard,none,Above-7,17,36,6,69,60,54
female,group B,high school,other,other,free/reduced,none,Above-7,40,40,54,49,54,58
male,group D,some college,health,services,standard,none,Above-7,35,33,0,62,44,52
female,group E,high school,at_home,health,free/reduced,completed,Under-7,14,4,90,70,84,83
male,group D,bachelor's degree,other,other,standard,none,Under-7,13,2,13,71,57,60
male,group C,bachelor's degree,services,other,standard,none,Under-7,24,2,20,71,69,65
female,group C,some high school,services,other,free/reduced,none,Under-7,23,3,12,50,59,54
female,group B,high school,teacher,other,standard,none,Under-7,20,30,35,52,55,57
male,group E,some college,services,at_home,free/reduced,completed,Under-7,15,25,33,75,65,66
female,group C,bachelor's degree,other,services,standard,none,Under-7,5,12,12,51,64,63
male,group C,some high school,at_home,teacher,standard,none,Under-7,7,52,10,64,48,50
female,group A,some college,at_home,other,free/reduced,completed,Above-7,10,33,4,65,76,72
male,group B,master's degree,at_home,other,standard,none,Above-7,25,50,80,99,81,87
female,group B,associate's degree,services,other,standard,none,Under-7,30,40,39,60,62,58
female,group B,some college,at_home,health,standard,none,Under-7,35,10,14,70,78,80
male,group A,some college,other,other,standard,completed,Under-7,32,9,15,77,76,77
male,group B,high school,at_home,other,free/reduced,none,Under-7,25,8,90,37,28,23
male,group E,associate's degree,teacher,other,free/reduced,none,Above-7,72,17,70,73,73,61
female,group B,associate's degree,other,health,free/reduced,completed,Above-7,75,4,50,53,74,75
female,group B,associate's degree,at_home,teacher,standard,none,Under-7,20,26,14,67,58,62
female,group B,some college,other,other,free/reduced,none,Under-7,10,0,5,67,79,80
male,group B,high school,services,other,free/reduced,none,Under-7,90,37,2,51,57,50
male,group D,high school,at_home,other,standard,completed,Under-7,80,3,60,64,71,70
male,group E,some college,other,services,free/reduced,none,Under-7,80,16,22,55,42,43
male,group D,associate's degree,other,teacher,free/reduced,completed,Under-7,78,7,10,55,39,51
male,group E,associate's degree,other,teacher,standard,none,Above-7,10,28,70,86,77,78
female,group B,master's degree,other,services,standard,none,Above-7,10,30,90,71,88,85
male,group C,high school,health,other,free/reduced,none,Under-7,98,15,13,71,63,64
female,group C,some high school,teacher,other,free/reduced,none,Under-7,75,1,5,51,67,69
female,group E,some college,other,services,standard,completed,Under-7,10,39,5,75,76,85
male,group C,some high school,at_home,services,free/reduced,none,Under-7,35,40,10,45,31,27
male,group B,some high school,teacher,health,standard,none,Under-7,10,50,75,59,54,48
female,group E,high school,other,other,free/reduced,none,Under-7,5,12,69,64,69,68
male,group A,some college,other,other,standard,completed,Above-7,79,16,40,78,69,73
male,group D,high school,other,services,free/reduced,none,Above-7,71,16,30,59,61,58
male,group E,bachelor's degree,other,other,free/reduced,none,Under-7,70,19,22,80,70,71
male,group B,associate's degree,at_home,other,standard,completed,Under-7,76,8,2,68,82,77
female,group B,associate's degree,teacher,other,standard,none,Above-7,75,97,30,77,81,79
male,group C,high school,services,teacher,standard,none,Above-7,86,98,0,66,67,64
female,group C,some college,teacher,teacher,free/reduced,completed,Above-7,85,82,90,26,44,46
male,group D,some college,other,other,standard,completed,Above-7,76,78,70,80,66,69
female,group D,some high school,services,other,free/reduced,none,Under-7,65,87,80,48,62,61
female,group A,associate's degree,services,other,standard,none,Under-7,64,88,3,52,64,55
female,group D,master's degree,other,teacher,free/reduced,none,Under-7,66,90,90,54,64,64
female,group C,some college,services,at_home,standard,completed,Under-7,74,91,15,59,68,67
male,group D,high school,other,other,standard,none,Above-7,67,91,25,77,62,65
female,group B,some college,services,other,free/reduced,none,Above-7,74,90,5,64,70,69
male,group D,high school,other,other,standard,none,Under-7,77,83,4,83,72,68
male,group E,high school,other,teacher,free/reduced,none,Under-7,22,81,70,70,73,69
male,group C,some high school,services,services,standard,none,Under-7,20,87,0,72,68,67
female,group B,associate's degree,other,services,standard,none,Under-7,52,77,12,83,78,79
female,group B,associate's degree,teacher,services,standard,none,Under-7,40,99,70,52,58,57
female,group C,some college,services,at_home,free/reduced,completed,Under-7,57,96,12,53,73,74
male,group D,some college,health,other,standard,none,Above-7,43,82,20,55,55,55
male,group C,associate's degree,teacher,services,standard,none,Above-7,52,93,8,65,63,61
female,group E,some high school,other,services,standard,none,Above-7,49,9,90,60,67,64
male,group E,high school,services,other,free/reduced,completed,Above-7,80,6,70,64,62,59
male,group C,associate's degree,at_home,teacher,standard,none,Under-7,80,86,89,71,72,69
male,group C,bachelor's degree,other,other,free/reduced,completed,Under-7,82,82,44,61,71,65
male,group D,associate's degree,health,other,standard,none,Under-7,83,87,80,61,55,58
female,group C,master's degree,other,other,standard,none,Under-7,72,88,60,65,74,79
female,group D,some high school,teacher,services,standard,completed,Under-7,83,7,2,71,83,89
male,group E,associate's degree,health,at_home,free/reduced,none,Under-7,42,4,3,48,49,44
male,group E,high school,other,teacher,free/reduced,completed,Above-7,45,77,7,75,80,75
male,group D,associate's degree,at_home,services,free/reduced,none,Above-7,64,74,90,54,66,65
female,group C,master's degree,other,other,standard,none,Under-7,63,17,92,70,64,65
male,group D,some high school,other,other,standard,none,Under-7,14,14,6,91,77,72
female,group D,some high school,at_home,other,standard,completed,Under-7,15,2,7,33,44,50
female,group B,high school,other,services,standard,none,Under-7,86,3,12,45,50,41
male,group A,high school,health,other,free/reduced,none,Under-7,78,0,0,45,33,32
male,group D,bachelor's degree,teacher,other,free/reduced,none,Under-7,74,5,26,62,61,57
male,group E,associate's degree,teacher,other,free/reduced,completed,Above-7,79,12,90,92,79,77
female,group D,some college,services,services,standard,none,Above-7,4,13,12,74,75,79
female,group C,high school,other,services,standard,completed,Above-7,5,0,70,81,79,83
male,group C,associate's degree,other,services,free/reduced,none,Above-7,14,15,21,76,71,66
female,group C,associate's degree,other,other,standard,completed,Under-7,25,16,41,57,72,73
male,group A,some college,services,services,free/reduced,none,Under-7,14,25,81,63,61,55
female,group D,high school,other,other,standard,completed,Under-7,23,30,90,57,62,73
female,group B,some college,other,health,standard,completed,Under-7,80,19,61,46,65,64
male,group E,some high school,services,other,free/reduced,completed,Above-7,80,0,81,49,50,45
female,group D,some high school,at_home,other,standard,none,Above-7,80,12,61,54,60,65
male,group C,some high school,services,other,standard,completed,Under-7,80,44,50,89,87,90
male,group D,bachelor's degree,other,services,standard,completed,Under-7,20,22,21,77,70,78
female,group C,bachelor's degree,other,other,standard,none,Under-7,20,20,41,46,63,60
male,group B,associate's degree,health,other,standard,completed,Under-7,92,35,88,66,59,70
female,group C,high school,teacher,other,standard,none,Above-7,40,36,61,48,63,53
male,group D,associate's degree,services,other,standard,completed,Above-7,94,40,51,83,76,81
male,group C,high school,other,services,standard,completed,Under-7,48,33,69,69,75,74
male,group E,bachelor's degree,services,other,free/reduced,none,Under-7,40,4,51,73,52,54
female,group D,some college,services,other,standard,none,Above-7,86,2,61,43,59,59
male,group D,master's degree,teacher,other,standard,completed,Under-7,6,2,83,91,84,83
male,group C,associate's degree,other,services,standard,completed,Under-7,74,3,81,49,58,55
male,group B,master's degree,other,other,standard,none,Above-7,76,30,90,87,86,84
male,group B,some high school,at_home,other,standard,completed,Above-7,26,25,11,46,46,44
female,group D,some high school,other,services,standard,completed,Above-7,97,12,3,63,61,71
male,group E,bachelor's degree,services,services,standard,none,Above-7,17,52,84,100,83,86
female,group E,bachelor's degree,teacher,other,standard,none,Above-7,87,33,17,86,87,89
female,group A,some high school,health,other,free/reduced,completed,Under-7,99,50,42,55,73,70
female,group E,master's degree,other,other,free/reduced,none,Under-7,97,40,7,84,100,99
female,group B,some high school,other,services,free/reduced,none,Under-7,34,10,72,39,51,48
male,group B,high school,other,services,standard,none,Under-7,17,9,80,67,57,52
female,group D,some high school,other,services,standard,completed,Under-7,97,8,60,85,100,97
male,group C,some high school,at_home,services,standard,none,Above-7,27,17,8,64,51,44
female,group E,associate's degree,at_home,other,standard,none,Above-7,94,4,10,81,77,74
male,group C,associate's degree,services,services,standard,none,Above-7,64,26,80,78,71,67
female,group B,some high school,other,teacher,standard,none,Under-8,84,0,80,59,59,58
male,group C,associate's degree,teacher,other,standard,none,Above-7,80,37,80,74,76,70
female,group B,some college,health,teacher,free/reduced,completed,Above-7,70,3,80,31,29,35
female,group C,some high school,teacher,teacher,free/reduced,completed,Under-7,8,16,80,54,55,65
male,group C,high school,services,other,free/reduced,none,Under-7,79,7,20,51,51,45
female,group B,bachelor's degree,teacher,other,free/reduced,completed,Above-8,52,28,20,57,65,68
female,group C,some high school,at_home,other,free/reduced,none,Under-7,62,30,92,39,50,49
male,group C,some college,other,other,standard,none,Under-7,85,15,40,64,48,48
male,group C,master's degree,other,services,free/reduced,completed,Above-7,74,1,94,69,79,72
male,group A,some high school,other,services,standard,none,Above-7,83,39,48,58,50,47
female,group D,high school,at_home,other,standard,none,Above-7,78,40,40,63,71,75
male,group E,associate's degree,services,other,standard,none,Under-8,41,50,86,74,73,67
male,group E,some college,services,other,free/reduced,none,Above-8,77,12,6,78,84,77
male,group A,some college,teacher,other,standard,completed,Under-7,95,16,74,78,78,74
female,group B,some college,teacher,other,standard,none,Under-7,50,16,76,75,76,81
male,group D,some college,health,other,standard,completed,Under-7,74,19,26,70,60,65
male,group D,some college,services,other,standard,none,Above-7,74,8,97,67,55,53
female,group C,associate's degree,services,other,standard,none,Above-7,70,6,17,87,93,88
male,group C,some college,services,other,standard,none,Above-7,61,4,87,69,63,66
female,group A,associate's degree,health,other,standard,none,Above-7,94,6,99,58,54,58
male,group E,high school,health,other,free/reduced,completed,Above-7,66,19,97,86,82,75
male,group C,high school,other,health,standard,none,Above-7,83,22,34,73,70,65
male,group D,associate's degree,other,other,free/reduced,completed,Under-8,75,28,17,85,91,92
female,group C,some high school,teacher,at_home,free/reduced,none,Above-8,56,32,97,32,35,41
female,group C,some college,health,services,standard,none,Under-8,67,70,27,73,74,82
male,group A,some college,other,other,standard,completed,Above-8,59,16,94,65,60,62
